Workbook

Sheet RecipeMatrix
A1: dish | B1: ingredient | C1: qty_per_dish | D1: unit | E1: ingredient_type | F1: buffer_rate
A2: garlic_prawns | B2: prawns | C2: 0.02 | D2: kg | E2: seafood | F2: =VLOOKUP(E2,TablaBuffer!A:B,2,FALSE()) -> 0.18
A3: garlic_prawns | B3: garlic | C3: 0.01 | D3: kg | E3: vegetable | F3: =VLOOKUP(E3,TablaBuffer!A:B,2,FALSE()) -> 0.15
A4: garlic_prawns | B4: olive_oil | C4: 0.06 | D4: litres | E4: liquid | F4: =VLOOKUP(E4,TablaBuffer!A:B,2,FALSE()) -> 0.08
A5: garlic_prawns | B5: cinnamon_stick | C5: 1 | D5: piece | E5: spice | F5: =VLOOKUP(E5,TablaBuffer!A:B,2,FALSE()) -> 0.05
A6: spanish_tortilla | B6: potato | C6: 0.2 | D6: kg | E6: vegetable | F6: =VLOOKUP(E6,TablaBuffer!A:B,2,FALSE()) -> 0.15
A7: spanish_tortilla | B7: egg | C7: 2 | D7: piece | E7: dairy | F7: =VLOOKUP(E7,TablaBuffer!A:B,2,FALSE()) -> 0.12
A8: spanish_tortilla | B8: olive_oil | C8: 0.15 | D8: litres | E8: liquid | F8: =VLOOKUP(E8,TablaBuffer!A:B,2,FALSE()) -> 0.08
A9: spanish_tortilla | B9: onion | C9: 0.1 | D9: kg | E9: vegetable | F9: =VLOOKUP(E9,TablaBuffer!A:B,2,FALSE()) -> 0.15
A10: tabbouleh_salad | B10: bulgar_wheat_fine | C10: 0.06 | D10: kg | E10: grain | F10: =VLOOKUP(E10,TablaBuffer!A:B,2,FALSE()) -> 0.05
A11: tabbouleh_salad | B11: parsley | C11: 0.12 | D11: piece | E11: herb | F11: =VLOOKUP(E11,TablaBuffer!A:B,2,FALSE()) -> 0.2
A12: tabbouleh_salad | B12: lemon | C12: 1 | D12: piece | E12: vegetable | F12: =VLOOKUP(E12,TablaBuffer!A:B,2,FALSE()) -> 0.15
A13: tabbouleh_salad | B13: cherry_tomato | C13: 0.15 | D13: kg | E13: vegetable | F13: =VLOOKUP(E13,TablaBuffer!A:B,2,FALSE()) -> 0.15
... A39: cheesecake | B39: lemon | C39: 0.25 | D39: piece | E39: vegetable | F39: =VLOOKUP(E39,TablaBuffer!A:B,2,FALSE()) -> 0.15

Sheet TablaBuffer
A1: ingredient_type | B1: buffer_rate
A2: seafood | B2: 0.18
A3: meat | B3: 0.12
A4: dairy | B4: 0.12
A5: vegetable | B5: 0.15
A6: herb | B6: 0.2
A7: spice | B7: 0.05
A8: grain | B8: 0.05
A9: baking | B9: 0.07
A10: liquid | B10: 0.08
A11: condiment | B11: 0.06
